cve_id,technique_id,description,label_source
CVE-2018-5312,T1027,The tabs-responsive plugin 1.8.0 for WordPress has XSS via the post_title parameter to wp-admin/post.php.,smet
CVE-2022-23853,T1083,"The LSP (Language Server Protocol) plugin in KDE Kate before 21.12.2 and KTextEditor before 5.91.0 tries to execute the associated LSP server binary when opening a file of a given type. If this binary is absent from the PATH, it will try running the LSP server binary in the directory of the file that was just opened (due to a misunderstanding of the QProcess API, that was never intended). This can be an untrusted directory.",smet
CVE-2016-7435,T1548,"The (1) SCTC_REFRESH_EXPORT_TAB_COMP, (2) SCTC_REFRESH_CHECK_ENV, and (3) SCTC_TMS_MAINTAIN_ALOG functions in the SCTC subpackage in SAP Netweaver 7.40 SP 12 allow remote authenticated users with certain permissions to execute arbitrary commands via vectors involving a CALL 'SYSTEM' statement, aka SAP Security Note 2260344.",smet
CVE-2020-8223,T1548,A logic error in Nextcloud Server 19.0.0 caused a privilege escalation allowing malicious users to reshare with higher permissions than they got assigned themselves.,smet
CVE-2013-3335,T1499,"Adobe Flash Player before 10.3.183.86 and 11.x before 11.7.700.202 on Windows and Mac OS X, before 10.3.183.86 and 11.x before 11.2.202.285 on Linux, before 11.1.111.54 on Android 2.x and 3.x, and before 11.1.115.58 on Android 4.x; Adobe AIR before 3.7.0.1860; and Adobe AIR SDK & Compiler before 3.7.0.1860 allow attackers to execute arbitrary code or cause a denial of service (memory corruption) via unspecified vectors, a different vulnerability than CVE-2013-2728, CVE-2013-3324, CVE-2013-3325, CVE-2013-3326, CVE-2013-3327, CVE-2013-3328, CVE-2013-3329, CVE-2013-3330, CVE-2013-3331, CVE-2013-3332, CVE-2013-3333, and CVE-2013-3334.",smet
CVE-2025-0413,T1203,"Parallels Desktop Technical Data Reporter Link Following Local Privilege Escalation Vulnerability. This vulnerability allows local attackers to escalate privileges on affected installations of Parallels Desktop. An attacker must first obtain the ability to execute low-privileged code on the target host system in order to exploit this vulnerability. The specific flaw exists within the Technical Data Reporter component. By creating a symbolic link, an attacker can abuse the service to change the permissions of arbitrary files. An attacker can leverage this vulnerability to escalate privileges and execute arbitrary code in the context of root. Was ZDI-CAN-25014.",smet
CVE-2017-12994,T1040,The BGP parser in tcpdump before 4.9.2 has a buffer over-read in print-bgp.c:bgp_attr_print().,smet
CVE-2009-4849,T1136,"Multiple cross-site request forgery (CSRF) vulnerabilities in ToutVirtual VirtualIQ Pro 3.2 build 7882 and 3.5 build 8691 allow remote attackers to hijack the authentication of administrators for requests that (1) create a new user account via a save action to tvserver/user/user.do, (2) shutdown a virtual machine, (3) start a virtual machine, (4) restart a virtual machine, or (5) schedule an activity.",smet
CVE-2019-3579,T1033,MyBB 1.8.19 allows remote attackers to obtain sensitive information because it discloses the username upon receiving a password-reset request that lacks the code parameter.,smet
CVE-2024-41015,T1190,"In the Linux kernel, the following vulnerability has been resolved: ocfs2: add bounds checking to ocfs2_check_dir_entry() This adds sanity checks for ocfs2_dir_entry to make sure all members of ocfs2_dir_entry don't stray beyond valid memory region.",smet
CVE-2024-0351,T1563,A vulnerability classified as problematic has been found in SourceCodester Engineers Online Portal 1.0. This affects an unknown part. The manipulation leads to session fixiation. It is possible to initiate the attack remotely. The complexity of an attack is rather high. The exploitability is told to be difficult. The exploit has been disclosed to the public and may be used. The associated identifier of this vulnerability is VDB-250119.,smet
CVE-2017-14460,T1071,An exploitable overly permissive cross-domain (CORS) whitelist vulnerability exists in JSON-RPC of Parity Ethereum client version 1.7.8. An automatically sent JSON object to JSON-RPC endpoint can trigger this vulnerability. A victim needs to visit a malicious website to trigger this vulnerability.,smet
CVE-2006-2934,T1499,"SCTP conntrack (ip_conntrack_proto_sctp.c) in netfilter for Linux kernel 2.6.17 before 2.6.17.3 and 2.6.16 before 2.6.16.23 allows remote attackers to cause a denial of service (crash) via a packet without any chunks, which causes a variable to contain an invalid value that is later used to dereference a pointer.",smet
CVE-2024-47977,T1203,"Dell Avamar, version(s) 19.x, contain(s) an Improper Neutralization of Special Elements used in an SQL Command ('SQL Injection') vulnerability. A low privileged attacker with remote access could potentially exploit this vulnerability, leading to Command execution.",smet
CVE-2012-2746,T1003,"389 Directory Server before 1.2.11.6 (aka Red Hat Directory Server before 8.2.10-3), when the password of a LDAP user has been changed and audit logging is enabled, saves the new password to the log in plain text, which allows remote authenticated users to read the password.",smet
CVE-2024-39606,T1499,Improper input validation in some Intel(R) PROSet/Wireless WiFi and Killerâ„¢ WiFi software for Windows before version 23.80 may allow an unauthenticated user to potentially enable denial of service via adjacent access.,smet
CVE-2023-36356,T1055,"TP-Link TL-WR940N V2/V4/V6, TL-WR841N V8, TL-WR941ND V5, and TL-WR740N V1/V2 were discovered to contain a buffer read out-of-bounds via the component /userRpm/VirtualServerRpm. This vulnerability allows attackers to cause a Denial of Service (DoS) via a crafted GET request.",smet
CVE-2022-0097,T1176,Inappropriate implementation in DevTools in Google Chrome prior to 97.0.4692.71 allowed an attacker who convinced a user to install a malicious extension to to potentially allow extension to escape the sandbox via a crafted HTML page.,smet
CVE-2004-0869,T1606,"Internet Explorer does not prevent cookies that are sent over an insecure channel (HTTP) from also being sent over a secure channel (HTTPS/SSL) in the same domain, which could allow remote attackers to steal cookies and conduct unauthorized activities, aka ""Cross Security Boundary Cookie Injection.""",smet
CVE-2022-22797,T1555,"Sysaid – sysaid Open Redirect - An Attacker can change the redirect link at the parameter ""redirectURL"" from""GET"" request from the url location: /CommunitySSORedirect.jsp?redirectURL=https://google.com. Unvalidated redirects and forwards are possible when a web application accepts untrusted input that could cause the web application to redirect the request to a URL contained within untrusted input. By modifying untrusted URL input to a malicious site, an attacker may successfully launch a phishing scam and steal user credentials.",smet
CVE-2025-20174,T1203,"A vulnerability in the SNMP subsystem of Cisco IOS Software and Cisco IOS XE Software could allow an authenticated, remote attacker to cause a DoS condition on an affected device. This vulnerability is due to improper error handling when parsing SNMP requests. An attacker could exploit this vulnerability by sending a crafted SNMP request to an affected device. A successful exploit could allow the attacker to cause the device to reload unexpectedly, resulting in a DoS condition.&nbsp; This vulnerability affects SNMP versions 1, 2c, and 3. To exploit this vulnerability through SNMP v2c or earlier, the attacker must know a valid read-write or read-only SNMP community string for the affected system. To exploit this vulnerability through SNMP v3, the attacker must have valid SNMP user credentials for the affected system.",smet
CVE-2024-55492,T1114,Winmail Server 4.4 is vulnerable to f_user=%22%3E%3Csvg%20onload Cross Site Scripting (XSS).,smet
CVE-2023-41633,T1106,Catdoc v0.95 was discovered to contain a NULL pointer dereference via the component xls2csv at src/fileutil.c.,smet
CVE-2024-38593,T1190,"In the Linux kernel, the following vulnerability has been resolved: net: micrel: Fix receiving the timestamp in the frame for lan8841 The blamed commit started to use the ptp workqueue to get the second part of the timestamp. And when the port was set down, then this workqueue is stopped. But if the config option NETWORK_PHY_TIMESTAMPING is not enabled, then the ptp_clock is not initialized so then it would crash when it would try to access the delayed work. So then basically by setting up and then down the port, it would crash. The fix consists in checking if the ptp_clock is initialized and only then cancel the delayed work.",smet
CVE-2024-32766,T1203,"An OS command injection vulnerability has been reported to affect several QNAP operating system versions. If exploited, the vulnerability could allow users to execute commands via a network. We have already fixed the vulnerability in the following versions: QTS 5.1.3.2578 build 20231110 and later QTS 4.5.4.2627 build 20231225 and later QuTS hero h5.1.3.2578 build 20231110 and later QuTS hero h4.5.4.2626 build 20231225 and later QuTScloud c5.1.5.2651 and later",smet
CVE-2018-12674,T1555,"The SV3C HD Camera (L-SERIES V2.3.4.2103-S50-NTD-B20170508B and V2.3.4.2103-S50-NTD-B20170823B) stores the username and password within the cookies of a session. If an attacker gained access to these session cookies, it would be possible to gain access to the username and password of the logged-in account.",smet
CVE-2017-5822,T1203,A Remote Code Execution vulnerability in HPE Intelligent Management Center (iMC) PLAT version 7.3 E0504P04 was found.,smet
CVE-2024-20276,T1499,"A vulnerability in Cisco IOS Software for Cisco Catalyst 6000 Series Switches could allow an unauthenticated, adjacent attacker to cause an affected device to reload unexpectedly. This vulnerability is due to improper handling of process-switched traffic. An attacker could exploit this vulnerability by sending crafted traffic to an affected device. A successful exploit could allow the attacker to cause the affected device to reload, resulting in a denial of service (DoS) condition.",smet
CVE-2018-11430,T1562,An issue was discovered in the Moderator Log Notes plugin 1.1 for MyBB. It allows moderators to save notes and display them in a list in the modCP. The XSS is located in the mod notes textarea.,smet
CVE-2014-8129,T1498,"LibTIFF 4.0.3 allows remote attackers to cause a denial of service (out-of-bounds write) or possibly have unspecified other impact via a crafted TIFF image, as demonstrated by failure of tif_next.c to verify that the BitsPerSample value is 2, and the t2p_sample_lab_signed_to_unsigned function in tiff2pdf.c.",smet
CVE-2003-1252,T1033,"register.php in S8Forum 3.0 allows remote attackers to execute arbitrary PHP commands by creating a user whose name ends in a .php extension and entering the desired commands into the E-mail field, which creates a web-accessible .php file that can be called by the attacker, as demonstrated using a ""system($cmd)"" E-mail address with a ""any_name.php"" username.",smet
CVE-2018-6778,T1562,"In Jiangmin Antivirus 16.0.0.100, the driver file (KSysCall.sys) allows local users to cause a denial of service (BSOD) or possibly have unspecified other impact because of not validating input values from IOCtl 0x9A008268.",smet
CVE-2018-4851,T1203,"A vulnerability has been identified in SICLOCK TC100 (All versions) and SICLOCK TC400 (All versions). An attacker with network access to the device could cause a Denial-of-Service condition by sending certain packets to the device, causing potential reboots of the device. The core functionality of the device could be impacted. The time serving functionality recovers when time synchronization with GPS devices or other NTP servers are completed.",smet
CVE-2010-3340,T1070,"Microsoft Internet Explorer 6 and 7 does not properly handle objects in memory, which allows remote attackers to execute arbitrary code by accessing an object that (1) was not properly initialized or (2) is deleted, leading to memory corruption, aka ""HTML Object Memory Corruption Vulnerability.""",smet
CVE-2019-3778,T1134,"Spring Security OAuth, versions 2.3 prior to 2.3.5, and 2.2 prior to 2.2.4, and 2.1 prior to 2.1.4, and 2.0 prior to 2.0.17, and older unsupported versions could be susceptible to an open redirector attack that can leak an authorization code. A malicious user or attacker can craft a request to the authorization endpoint using the authorization code grant type, and specify a manipulated redirection URI via the ""redirect_uri"" parameter. This can cause the authorization server to redirect the resource owner user-agent to a URI under the control of the attacker with the leaked authorization code. This vulnerability exposes applications that meet all of the following requirements: Act in the role of an Authorization Server (e.g. @EnableAuthorizationServer) and uses the DefaultRedirectResolver in the AuthorizationEndpoint. This vulnerability does not expose applications that: Act in the role of an Authorization Server and uses a different RedirectResolver implementation other than DefaultRedirectResolver, act in the role of a Resource Server only (e.g. @EnableResourceServer), act in the role of a Client only (e.g. @EnableOAuthClient).",smet
CVE-2014-5169,T1505,Cross-site scripting (XSS) vulnerability in the Date module before 7.x-2.8 for Drupal allows remote authenticated users with the permission to create a date field to inject arbitrary web script or HTML via the date field title.,smet
CVE-2021-3922,T1055,"A race condition vulnerability was reported in IMController, a software component of Lenovo System Interface Foundation, prior to version 1.1.20.3 that could allow a local attacker to connect and interact with the IMController child process' named pipe.",smet
CVE-2019-20403,T1480,The API in Atlassian Jira Server and Data Center before version 8.6.0 allows remote attackers to determine if a Jira project key exists or not via an information disclosure vulnerability.,smet
CVE-2022-22488,T1553,IBM OpenBMC OP910 and OP940 could allow a privileged user to cause a denial of service by uploading or deleting too many CA certificates in a short period of time. IBM X-Force ID: 2226337.,smet
CVE-2019-9700,T1568,"Norton Password Manager, prior to 6.3.0.2082, may be susceptible to an address spoofing issue. This type of issue may allow an attacker to disguise their origin IP address in order to obfuscate the source of network traffic.",smet
CVE-2005-1071,T1059,SQL injection vulnerability in banner.inc.php in JPortal Web Portal 2.3.1 allows remote attackers to execute arbitrary SQL commands via the haslo parameter.,smet
CVE-2021-37940,T1203,"An information disclosure via GET request server-side request forgery vulnerability was discovered with the Workplace Search Github Enterprise Server integration. Using this vulnerability, a malicious Workplace Search admin could use the GHES integration to view hosts that might not be publicly accessible.",smet
CVE-2023-32815,T1204,"In gnss service, there is a possible out of bounds read due to improper input validation. This could lead to local information disclosure with System execution privileges needed. User interaction is not needed for exploitation. Patch ID: ALPS08037801; Issue ID: ALPS08037801.",smet
CVE-2014-9942,T1542,"In Boot in all Android releases from CAF using the Linux kernel, a Use of Uninitialized Variable vulnerability could potentially exist.",smet
CVE-2009-2978,T1059,"SQL injection vulnerability in SugarCRM 4.5.1o and earlier, 5.0.0k and earlier, and 5.2.0g and earlier, allows remote attackers to execute arbitrary SQL commands via unspecified vectors.",smet
CVE-2014-9628,T1055,"The MP4_ReadBox_String function in modules/demux/mp4/libmp4.c in VideoLAN VLC media player before 2.1.6 allows remote attackers to trigger an unintended zero-size malloc and conduct buffer overflow attacks, and consequently execute arbitrary code, via a box size of 7.",smet
CVE-2023-46190,T1608,Cross-Site Request Forgery (CSRF) vulnerability in Novo-media Novo-Map : your WP posts on custom google maps plugin <= 1.1.2 versions.,smet
CVE-2023-22357,T1542,"Active debug code exists in OMRON CP1L-EL20DR-D all versions, which may lead to a command that is not specified in FINS protocol being executed without authentication. A remote unauthenticated attacker may read/write in arbitrary area of the device memory, which may lead to overwriting the firmware, causing a denial-of-service (DoS) condition, and/or arbitrary code execution.",smet
CVE-2005-2466,T1110,Multiple SQL injection vulnerabilities in the auth_user function in admin.php in OpenBook 1.2.2 allow remote attackers to execute arbitrary SQL commands via the (1) username or (2) password parameter.,smet
CVE-2024-54129,T1203,The NASA’s Interplanetary Overlay Network (ION) is an implementation of Delay/Disruption Tolerant Networking (DTN). A vulnerability exists in the version ION-DTN BPv7 implementation version 4.1.3 when receiving a bundle with an improper reference to the imc scheme with valid Service-Specific Part (SSP) in their Previous Node Block. The vulnerability can cause ION to become unresponsive. This vulnerability is fixed in 4.1.3s.,smet
CVE-2023-1369,T1498,A vulnerability was found in TG Soft Vir.IT eXplorer 9.4.86.0. It has been rated as problematic. This issue affects the function 0x82730088 in the library VIRAGTLT.sys of the component IoControlCode Handler. The manipulation leads to denial of service. The attack needs to be approached locally. The exploit has been disclosed to the public and may be used. Upgrading to version 9.5 is able to address this issue. It is recommended to upgrade the affected component. The associated identifier of this vulnerability is VDB-222875.,smet
CVE-2024-27569,T1498,LBT T300-T390 v2.2.1.8 were discovered to contain a stack overflow via the ApCliSsid parameter in the init_nvram function. This vulnerability allows attackers to cause a Denial of Service (DoS) via a crafted POST request.,smet
CVE-2017-8295,T1071,"WordPress through 4.7.4 relies on the Host HTTP header for a password-reset e-mail message, which makes it easier for remote attackers to reset arbitrary passwords by making a crafted wp-login.php?action=lostpassword request and then arranging for this message to bounce or be resent, leading to transmission of the reset key to a mailbox on an attacker-controlled SMTP server. This is related to problematic use of the SERVER_NAME variable in wp-includes/pluggable.php in conjunction with the PHP mail function. Exploitation is not achievable in all cases because it requires at least one of the following: (1) the attacker can prevent the victim from receiving any e-mail messages for an extended period of time (such as 5 days), (2) the victim's e-mail system sends an autoresponse containing the original message, or (3) the victim manually composes a reply containing the original message.",smet
CVE-2016-4730,T1203,"WebKit in Apple iOS before 10, Safari before 10, and tvOS before 10 allows remote attackers to execute arbitrary code or cause a denial of service (memory corruption) via a crafted web site, a different vulnerability than CVE-2016-4611, CVE-2016-4733, CVE-2016-4734, and CVE-2016-4735.",smet
CVE-2024-1981,T1213,"The Migration, Backup, Staging – WPvivid plugin for WordPress is vulnerable to SQL Injection via the 'table_prefix' parameter in version 0.9.68 due to insufficient escaping on the user supplied parameter and lack of sufficient preparation on the existing SQL query. This makes it possible for unauthenticated attackers to append additional SQL queries into already existing queries that can be used to extract sensitive information from the database.",smet
CVE-2016-6526,T1068,The SpamCall Activity component in Telecom application on Samsung Note device L(5.0/5.1) and M(6.0) allows attackers to cause a denial of service (crash and reboot) or possibly gain privileges via a malformed serializable object.,smet
CVE-2019-18490,T1562,Rejected reason: DO NOT USE THIS CANDIDATE NUMBER. ConsultIDs: none. Reason: This candidate was withdrawn by its CNA. Notes: none,smet
CVE-2016-2934,T1505,Cross-site scripting (XSS) vulnerability in IBM BigFix Remote Control before 9.1.3 allows remote attackers to inject arbitrary web script or HTML via unspecified vectors.,smet
CVE-2024-49302,T1027,Improper Neutralization of Input During Web Page Generation (XSS or 'Cross-site Scripting') vulnerability in Portfoliohub WordPress Portfolio Builder – Portfolio Gallery allows Stored XSS.This issue affects WordPress Portfolio Builder – Portfolio Gallery: from n/a through 1.1.7.,smet
CVE-2024-57926,T1190,"In the Linux kernel, the following vulnerability has been resolved: drm/mediatek: Set private->all_drm_private[i]->drm to NULL if mtk_drm_bind returns err The pointer need to be set to NULL, otherwise KASAN complains about use-after-free. Because in mtk_drm_bind, all private's drm are set as follows. private->all_drm_private[i]->drm = drm; And drm will be released by drm_dev_put in case mtk_drm_kms_init returns failure. However, the shutdown path still accesses the previous allocated memory in drm_atomic_helper_shutdown. [ 84.874820] watchdog: watchdog0: watchdog did not stop! [ 86.512054] ================================================================== [ 86.513162] BUG: KASAN: use-after-free in drm_atomic_helper_shutdown+0x33c/0x378 [ 86.514258] Read of size 8 at addr ffff0000d46fc068 by task shutdown/1 [ 86.515213] [ 86.515455] CPU: 1 UID: 0 PID: 1 Comm: shutdown Not tainted 6.13.0-rc1-mtk+gfa1a78e5d24b-dirty #55 [ 86.516752] Hardware name: Unknown Product/Unknown Product, BIOS 2022.10 10/01/2022 [ 86.517960] Call trace: [ 86.518333] show_stack+0x20/0x38 (C) [ 86.518891] dump_stack_lvl+0x90/0xd0 [ 86.519443] print_report+0xf8/0x5b0 [ 86.519985] kasan_report+0xb4/0x100 [ 86.520526] __asan_report_load8_noabort+0x20/0x30 [ 86.521240] drm_atomic_helper_shutdown+0x33c/0x378 [ 86.521966] mtk_drm_shutdown+0x54/0x80 [ 86.522546] platform_shutdown+0x64/0x90 [ 86.523137] device_shutdown+0x260/0x5b8 [ 86.523728] kernel_restart+0x78/0xf0 [ 86.524282] __do_sys_reboot+0x258/0x2f0 [ 86.524871] __arm64_sys_reboot+0x90/0xd8 [ 86.525473] invoke_syscall+0x74/0x268 [ 86.526041] el0_svc_common.constprop.0+0xb0/0x240 [ 86.526751] do_el0_svc+0x4c/0x70 [ 86.527251] el0_svc+0x4c/0xc0 [ 86.527719] el0t_64_sync_handler+0x144/0x168 [ 86.528367] el0t_64_sync+0x198/0x1a0 [ 86.528920] [ 86.529157] The buggy address belongs to the physical page: [ 86.529972] page: refcount:0 mapcount:0 mapping:0000000000000000 index:0xffff0000d46fd4d0 pfn:0x1146fc [ 86.531319] flags: 0xbfffc0000000000(node=0|zone=2|lastcpupid=0xffff) [ 86.532267] raw: 0bfffc0000000000 0000000000000000 dead000000000122 0000000000000000 [ 86.533390] raw: ffff0000d46fd4d0 0000000000000000 00000000ffffffff 0000000000000000 [ 86.534511] page dumped because: kasan: bad access detected [ 86.535323] [ 86.535559] Memory state around the buggy address: [ 86.536265] ffff0000d46fbf00: ff ff ff ff ff ff ff ff ff ff ff ff ff ff ff ff [ 86.537314] ffff0000d46fbf80: ff ff ff ff ff ff ff ff ff ff ff ff ff ff ff ff [ 86.538363] >ffff0000d46fc000: ff ff ff ff ff ff ff ff ff ff ff ff ff ff ff ff [ 86.544733] ^ [ 86.551057] ffff0000d46fc080: ff ff ff ff ff ff ff ff ff ff ff ff ff ff ff ff [ 86.557510] ffff0000d46fc100: ff ff ff ff ff ff ff ff ff ff ff ff ff ff ff ff [ 86.563928] ================================================================== [ 86.571093] Disabling lock debugging due to kernel taint [ 86.577642] Unable to handle kernel paging request at virtual address e0e9c0920000000b [ 86.581834] KASAN: maybe wild-memory-access in range [0x0752049000000058-0x075204900000005f] ...",smet
CVE-2007-5411,T1001,Cross-site scripting (XSS) vulnerability in the Linksys SPA941 VoIP Phone with firmware 5.1.8 allows remote attackers to inject arbitrary web script or HTML via the From header in a SIP message.,smet
CVE-2017-11100,T1140,"When SWFTools 0.9.2 processes a crafted file in swfextract, it can lead to a NULL Pointer Dereference in the swf_FoldSprite() function in lib/rxfswf.c.",smet
CVE-2021-1157,T1078,"Multiple vulnerabilities in the web-based management interface of Cisco Small Business RV110W, RV130, RV130W, and RV215W Routers could allow an authenticated, remote attacker to conduct cross-site scripting (XSS) attacks against a user of the interface. The vulnerabilities are due to insufficient input validation by the web-based management interface. An attacker could exploit these vulnerabilities by sending crafted HTTP requests to an affected device. A successful exploit could allow the attacker to execute arbitrary script code in the context of the affected interface or access sensitive, browser-based information. To exploit these vulnerabilities, an attacker would need to have valid administrator credentials on the affected device.",smet
CVE-2024-53912,T1048,"An issue was discovered in the server in Veritas Enterprise Vault before 15.2, ZDI-CAN-24341. It allows remote attackers to execute arbitrary code because untrusted data, received on a .NET Remoting TCP port, is deserialized.",smet
CVE-2018-10195,T1027,lrzsz before version 0.12.21~rc can leak information to the receiving side due to an incorrect length check in the function zsdata that causes a size_t to wrap around.,smet
CVE-2010-2958,T1505,"Cross-site scripting (XSS) vulnerability in libraries/Error.class.php in phpMyAdmin 3.x before 3.3.6 allows remote attackers to inject arbitrary web script or HTML via vectors related to a PHP backtrace and error messages (aka debugging messages), a different vulnerability than CVE-2010-3056.",smet
CVE-2024-10197,T1203,A vulnerability was found in code-projects Pharmacy Management System 1.0. It has been classified as problematic. Affected is an unknown function of the file /manage_supplier.php of the component Manage Supplier Page. The manipulation of the argument address leads to cross site scripting. It is possible to launch the attack remotely. The exploit has been disclosed to the public and may be used. Other parameters might be affected as well.,smet
CVE-2024-56201,T1137,"Jinja is an extensible templating engine. In versions on the 3.x branch prior to 3.1.5, a bug in the Jinja compiler allows an attacker that controls both the content and filename of a template to execute arbitrary Python code, regardless of if Jinja's sandbox is used. To exploit the vulnerability, an attacker needs to control both the filename and the contents of a template. Whether that is the case depends on the type of application using Jinja. This vulnerability impacts users of applications which execute untrusted templates where the template author can also choose the template filename. This vulnerability is fixed in 3.1.5.",smet
CVE-2002-0777,T1568,"Buffer overflow in the LDAP component of Ipswitch IMail 7.1 and earlier allows remote attackers to execute arbitrary code via a long ""bind DN"" parameter.",smet
CVE-2022-29021,T1498,A buffer overflow vulnerability exists in the razerkbd driver of OpenRazer up to version v3.3.0 allows attackers to cause a Denial of Service (DoS) and possibly escalate their privileges via a crafted buffer sent to the matrix_custom_frame device.,smet
CVE-2020-22609,T1190,Cross Site Scripting (XSS) vulnerability in Enhancesoft osTicket before v1.12.6 via the queue-name parameter in include/class.queue.php.,smet
CVE-2022-0533,T1565,The Ditty (formerly Ditty News Ticker) WordPress plugin before 3.0.15 is affected by a Reflected Cross-Site Scripting (XSS) vulnerability.,smet
CVE-2009-2935,T1059,"Google V8, as used in Google Chrome before 2.0.172.43, allows remote attackers to bypass intended restrictions on reading memory, and possibly obtain sensitive information or execute arbitrary code in the Chrome sandbox, via crafted JavaScript.",smet
CVE-2023-41177,T1210,"Reflected cross-site scripting (XSS) vulnerabilities in Trend Micro Mobile Security (Enterprise) could allow an exploit against an authenticated victim that visits a malicious link provided by an attacker. Please note, this vulnerability is similar to, but not identical to, CVE-2023-41178.",smet
CVE-2022-48340,T1074,"In Gluster GlusterFS 11.0, there is an xlators/cluster/dht/src/dht-common.c dht_setxattr_mds_cbk use-after-free.",smet
CVE-2011-2621,T1499,Unspecified vulnerability in Opera before 11.50 allows remote attackers to cause a denial of service (application crash) via vectors related to form layout.,smet
CVE-2005-1873,T1070,"Multiple buffer overflows in Crob FTP 3.6.1, and possibly earlier versions, allow remote attackers to execute arbitrary code via (1) an FTP command with a large string followed by the RMD command with a long string or (2) a globbing (""*"") character followed by a long string.",smet
CVE-2020-25194,T1548,"The built-in WEB server for MOXA NPort IAW5000A-I/O firmware version 2.1 or lower has improper privilege management, which may allow an attacker with user privileges to perform requests with administrative privileges.",smet
CVE-2017-6707,T1059,"A vulnerability in the CLI command-parsing code of the Cisco StarOS operating system for Cisco ASR 5000 Series 11.0 through 21.0, 5500 Series, and 5700 Series devices and Cisco Virtualized Packet Core (VPC) Software could allow an authenticated, local attacker to break from the StarOS CLI of an affected system and execute arbitrary shell commands as a Linux root user on the system, aka Command Injection. The vulnerability exists because the affected operating system does not sufficiently sanitize commands before inserting them into Linux shell commands. An attacker could exploit this vulnerability by submitting a crafted CLI command for execution in a Linux shell command as a root user. Cisco Bug IDs: CSCvc69329, CSCvc72930.",smet
CVE-2024-20426,T1498,"A vulnerability in the Internet Key Exchange version 2 (IKEv2) protocol for VPN termination of Cisco Adaptive Security Appliance (ASA) Software and Cisco Firepower Threat Defense (FTD) Software could allow an unauthenticated, remote attacker to cause a denial of service (DoS) condition on an affected device. This vulnerability is due to insufficient input validation. An attacker could exploit this vulnerability by sending crafted IKEv2 traffic to an affected device. A successful exploit could allow the attacker to cause the device to reload, resulting in a DoS condition.",smet
CVE-2024-37622,T1203,Xinhu RockOA v2.6.3 was discovered to contain a reflected cross-site scripting (XSS) vulnerability via the num parameter at /flow/flow.php.,smet
CVE-2000-0870,T1499,Buffer overflow in EFTP allows remote attackers to cause a denial of service via a long string.,smet
CVE-2024-5659,T1210,"Rockwell Automation was made aware of a vulnerability that causes all affected controllers on the same network to result in a major nonrecoverable fault(MNRF/Assert). This vulnerability could be exploited by sending abnormal packets to the mDNS port. If exploited, the availability of the device would be compromised.",smet
CVE-2017-4700,T1562,Rejected reason: DO NOT USE THIS CANDIDATE NUMBER. ConsultIDs: none. Reason: This candidate was in a CNA pool that was not assigned to any issues during 2017. Notes: none,smet
CVE-2015-5588,T1203,"Adobe Flash Player before 18.0.0.241 and 19.x before 19.0.0.185 on Windows and OS X and before 11.2.202.521 on Linux, Adobe AIR before 19.0.0.190, Adobe AIR SDK before 19.0.0.190, and Adobe AIR SDK & Compiler before 19.0.0.190 allow attackers to execute arbitrary code or cause a denial of service (memory corruption) via unspecified vectors, a different vulnerability than CVE-2015-5575, CVE-2015-5577, CVE-2015-5578, CVE-2015-5580, CVE-2015-5582, and CVE-2015-6677.",smet
CVE-2021-46481,T1055,Jsish v3.5.0 was discovered to contain a memory leak via linenoise at src/linenoise.c.,smet
CVE-2021-27190,T1027,"A Stored Cross Site Scripting(XSS) Vulnerability was discovered in PEEL SHOPPING 9.3.0 and 9.4.0, which are publicly available. The user supplied input containing polyglot payload is echoed back in javascript code in HTML response. This allows an attacker to input malicious JavaScript which can steal cookie, redirect them to other malicious website, etc.",smet
CVE-2024-20808,T1120,Improper access control vulnerability in Nearby device scanning prior version 11.1.14.7 allows local attacker to access data.,smet
CVE-2019-11170,T1068,"Authentication bypass in Intel(R) Baseboard Management Controller firmware may allow an unauthenticated user to potentially enable information disclosure, escalation of privilege and/or denial of service via local access.",smet
CVE-2001-1506,T1222,"Unknown vulnerability in the file system protection subsystem in HP Secure OS Software for Linux 1.0 allows additional user privileges on some files beyond what is specified in the file system protection rules, which allows local users to conduct unauthorized operations on restricted files.",smet
CVE-2011-3253,T1114,"CalDAV in Apple iOS before 5 does not validate X.509 certificates for SSL sessions, which allows man-in-the-middle attackers to spoof calendar servers and obtain sensitive information via an arbitrary certificate.",smet
CVE-2000-0545,T1068,Buffer overflow in mailx mail command (aka Mail) on Linux systems allows local users to gain privileges via a long -c (carbon copy) parameter.,smet
CVE-2008-2144,T1498,"Multiple unspecified vulnerabilities in Solaris print service for Sun Solaris 8, 9, and 10 allow remote attackers to cause a denial of service or execute arbitrary code via unknown vectors.",smet
CVE-2015-5746,T1006,AppleFileConduit in Apple iOS before 8.4.1 allows attackers to bypass intended restrictions on filesystem access via an afc command that leverages symlink mishandling.,smet
CVE-2001-0482,T1498,"Configuration error in Argus PitBull LX allows root users to bypass specified access control restrictions and cause a denial of service or execute arbitrary commands by modifying kernel variables such as MaxFiles, MaxInodes, and ModProbePath in /proc/sys via calls to sysctl.",smet
CVE-2021-38345,T1203,"The Brizy Page Builder plugin <= 2.3.11 for WordPress used an incorrect authorization check that allowed any logged-in user accessing any endpoint in the wp-admin directory to modify the content of any existing post or page created with the Brizy editor. An identical issue was found by another researcher in Brizy <= 1.0.125 and fixed in version 1.0.126, but the vulnerability was reintroduced in version 1.0.127.",smet
CVE-2024-20488,T1059,"A vulnerability in the web-based management interface of Cisco Unified Communications Manager (Unified CM) and Cisco Unified Communications Manager Session Management Edition (Unified CM SME) could allow an unauthenticated, remote attacker to conduct a cross-site scripting (XSS) attack against a user of the interface. This vulnerability exists because the web-based management interface does not properly validate user-supplied input. An attacker could exploit this vulnerability by persuading a user of the interface to click a crafted link. A successful exploit could allow the attacker to execute arbitrary script code in the context of the affected interface or access sensitive, browser-based information.",smet
CVE-2020-13858,T1556,An issue was discovered on Mofi Network MOFI4500-4GXeLTE 3.6.1-std and 4.0.8-std devices. They contain two undocumented administrator accounts. The sftp and mofidev accounts are defined in /etc/passwd and the password is not unique across installations.,smet
CVE-2018-4463,T1055,A memory corruption issue was addressed with improved memory handling. This issue affected versions prior to macOS Mojave 10.14.2.,smet
CVE-2017-16440,T1553,Rejected reason: DO NOT USE THIS CANDIDATE NUMBER. ConsultIDs: none. Reason: The CNA or individual who requested this candidate did not associate it with any vulnerability during 2017. Notes: none,smet
CVE-2023-32748,T1059,The Linux DVS server component of Mitel MiVoice Connect through 19.3 SP2 (22.24.1500.0) could allow an unauthenticated attacker with internal network access to execute arbitrary scripts due to improper access control.,smet
CVE-2024-40844,T1056,"A privacy issue was addressed with improved handling of temporary files. This issue is fixed in iOS 17.7 and iPadOS 17.7, macOS Ventura 13.7, macOS Sonoma 14.7, macOS Sequoia 15. An app may be able to observe data displayed to the user by Shortcuts.",smet
CVE-2018-14836,T1548,Subrion 4.2.1 is vulnerable to Improper Access control because user groups not having access to the Admin panel are able to access it (but not perform actions) if the Guests user group has access to the Admin panel.,smet
CVE-2012-3664,T1499,"WebKit, as used in Apple Safari before 6.0, allows remote attackers to execute arbitrary code or cause a denial of service (memory corruption and application crash) via a crafted web site, a different vulnerability than other WebKit CVEs listed in APPLE-SA-2012-07-25-1.",smet
CVE-2013-6526,T1553,Rejected reason: DO NOT USE THIS CANDIDATE NUMBER. ConsultIDs: none. Reason: The CNA or individual who requested this candidate did not associate it with any vulnerability during 2013. Notes: none,smet
CVE-2021-1405,T1566,"A vulnerability in the email parsing module in Clam AntiVirus (ClamAV) Software version 0.103.1 and all prior versions could allow an unauthenticated, remote attacker to cause a denial of service condition on an affected device. The vulnerability is due to improper variable initialization that may result in an NULL pointer read. An attacker could exploit this vulnerability by sending a crafted email to an affected device. An exploit could allow the attacker to cause the ClamAV scanning process crash, resulting in a denial of service condition.",smet
CVE-1999-0963,T1548,FreeBSD mount_union command allows local users to gain root privileges via a symlink attack.,smet
CVE-2020-21861,T1105,File upload vulnerability in DuxCMS 2.1 allows attackers to execute arbitrary php code via duxcms/AdminUpload/upload.,smet
CVE-2024-34509,T1003,dcmdata in DCMTK before 3.6.9 has a segmentation fault via an invalid DIMSE message.,smet
CVE-2014-5022,T1505,Cross-site scripting (XSS) vulnerability in the Ajax system in Drupal 7.x before 7.29 allows remote attackers to inject arbitrary web script or HTML via vectors involving forms with an Ajax-enabled textfield and a file field.,smet
CVE-2003-0116,T1083,"Microsoft Internet Explorer 5.01, 5.5 and 6.0 does not properly check the Cascading Style Sheet input parameter for Modal dialogs, which allows remote attackers to read files on the local system via a web page containing script that creates a dialog and then accesses the target files, aka ""Modal Dialog script execution.""",smet
CVE-2007-5040,T1068,"Ghost Security Suite alpha 1.200 does not properly validate certain parameters to System Service Descriptor Table (SSDT) function handlers, which allows local users to cause a denial of service (crash) and possibly gain privileges via the (1) NtCreateKey, (2) NtCreateThread, (3) NtDeleteValueKey, (4) NtQueryValueKey, (5) NtSetSystemInformation, and (6) NtSetValueKey kernel SSDT hooks.",smet
CVE-2020-16911,T1080,"A remote code execution vulnerability exists in the way that the Windows Graphics Device Interface (GDI) handles objects in the memory. An attacker who successfully exploited this vulnerability could take control of the affected system. An attacker could then install programs; view, change, or delete data; or create new accounts with full user rights. Users whose accounts are configured to have fewer user rights on the system could be less impacted than users who operate with administrative user rights. There are multiple ways an attacker could exploit the vulnerability: In a web-based attack scenario, an attacker could host a specially crafted website that is designed to exploit the vulnerability and then convince users to view the website. An attacker would have no way to force users to view the attacker-controlled content. Instead, an attacker would have to convince users to take action, typically by getting them to open an email attachment or click a link in an email or instant message. In a file-sharing attack scenario, an attacker could provide a specially crafted document file that is designed to exploit the vulnerability, and then convince users to open the document file. The security update addresses the vulnerability by correcting the way that the Windows GDI handles objects in the memory.",smet
CVE-2022-28672,T1203,This vulnerability allows remote attackers to execute arbitrary code on affected installations of Foxit PDF Reader 11.2.1.53537. User interaction is required to exploit this vulnerability in that the target must visit a malicious page or open a malicious file. The specific flaw exists within the handling of Doc objects. The issue results from the lack of validating the existence of an object prior to performing operations on the object. An attacker can leverage this vulnerability to execute code in the context of the current process. Was ZDI-CAN-16640.,smet
CVE-2019-1898,T1562,"A vulnerability in the web-based management interface of Cisco RV110W, RV130W, and RV215W Routers could allow an unauthenticated, remote attacker to access the syslog file on an affected device. The vulnerability is due to improper authorization of an HTTP request. An attacker could exploit this vulnerability by accessing the URL for the syslog file. A successful exploit could allow the attacker to access the information contained in the file.",smet
CVE-2015-6423,T1548,"The DCERPC Inspection implementation in Cisco Adaptive Security Appliance (ASA) Software 9.4.1 through 9.5.1 allows remote authenticated users to bypass an intended DCERPC-only ACL by sending arbitrary network traffic, aka Bug ID CSCuu67782.",smet
CVE-2017-9818,T1111,"The National Payments Corporation of India BHIM application 1.3 for Android relies on a four-digit passcode, which makes it easier for attackers to obtain access.",smet
CVE-2023-30742,T1204,"SAP CRM (WebClient UI) - versions S4FND 102, S4FND 103, S4FND 104, S4FND 105, S4FND 106, S4FND 107, WEBCUIF 700, WEBCUIF 701, WEBCUIF 731, WEBCUIF 746, WEBCUIF 747, WEBCUIF 748, WEBCUIF 800, WEBCUIF 801, does not sufficiently encode user-controlled inputs, resulting in a stored Cross-Site Scripting (XSS) vulnerability.An attacker could store a malicious URL and lure the victim to click, causing the script supplied by the attacker to execute in the victim user's session. The information from the victim's session could then be modified or read by the attacker.",smet
CVE-2022-49724,T1203,"In the Linux kernel, the following vulnerability has been resolved: tty: goldfish: Fix free_irq() on remove Pass the correct dev_id to free_irq() to fix this splat when the driver is unbound: WARNING: CPU: 0 PID: 30 at kernel/irq/manage.c:1895 free_irq Trying to free already-free IRQ 65 Call Trace: warn_slowpath_fmt free_irq goldfish_tty_remove platform_remove device_remove device_release_driver_internal device_driver_detach unbind_store drv_attr_store ...",smet
CVE-2021-2066,T1203,"Vulnerability in the Oracle Outside In Technology product of Oracle Fusion Middleware (component: Outside In Filters). Supported versions that are affected are 8.5.4 and 8.5.5. Easily exploitable vulnerability allows unauthenticated attacker with network access via HTTP to compromise Oracle Outside In Technology. Successful attacks of this vulnerability can result in unauthorized creation, deletion or modification access to critical data or all Oracle Outside In Technology accessible data as well as unauthorized read access to a subset of Oracle Outside In Technology accessible data and unauthorized ability to cause a partial denial of service (partial DOS) of Oracle Outside In Technology. Note: Outside In Technology is a suite of software development kits (SDKs). The protocol and CVSS score depend on the software that uses the Outside In Technology code. The CVSS score assumes that the software passes data received over a network directly to Outside In Technology code, but if data is not received over a network the CVSS score may be lower. CVSS 3.1 Base Score 8.6 (Confidentiality, Integrity and Availability impacts). CVSS Vector: (CVSS:3.1/AV:N/AC:L/PR:N/UI:N/S:U/C:L/I:H/A:L).",smet
CVE-2011-5297,T1505,Multiple cross-site scripting (XSS) vulnerabilities in TTChat 1.0.4 allow remote attackers to inject arbitrary web script or HTML via (1) the msg parameter to default.php or (2) the username parameter to chat_form.php.,smet
CVE-2016-10477,T1120,"In Android before 2018-04-05 or earlier security patch level on Qualcomm Snapdragon Mobile SD 210/SD 212/SD 205, SD 400, SD 430, SD 615/16/SD 415, SD 617, SD 625, SD 650/52, SD 800, SD 808, SD 810, and SD 820, while processing smart card requests, a buffer overflow can occur.",smet
CVE-2022-37341,T1548,Improper access control in some Intel(R) Ethernet Adapters and Intel(R) Ethernet Controller I225 Manageability firmware may allow a privileged user to potentially enable escalation of privilege via local access.,smet
CVE-2022-20920,T1203,"A vulnerability in the SSH implementation of Cisco IOS Software and Cisco IOS XE Software could allow an authenticated, remote attacker to cause an affected device to reload. This vulnerability is due to improper handling of resources during an exceptional situation. An attacker could exploit this vulnerability by continuously connecting to an affected device and sending specific SSH requests. A successful exploit could allow the attacker to cause the affected device to reload.",smet
CVE-2017-8836,T1059,"CSRF exists on Peplink Balance 305, 380, 580, 710, 1350, and 2500 devices with firmware before fw-b305hw2_380hw6_580hw2_710hw3_1350hw2_2500-7.0.1-build2093. The CGI scripts in the administrative interface are affected. This allows an attacker to execute commands, if a logged in user visits a malicious website. This can for example be used to change the credentials of the administrative webinterface.",smet
CVE-2008-0284,T1505,Cross-site scripting (XSS) vulnerability in Simple Machines Forum (SMF) 1.1.4 and earlier allows remote attackers to inject arbitrary web script or HTML via (1) Itemid or (2) topic arguments.,smet
CVE-2017-16060,T1574,babelcli was a malicious module published with the intent to hijack environment variables. It has been unpublished by npm.,smet
CVE-2007-0962,T1499,"Cisco PIX 500 and ASA 5500 Series Security Appliances 7.0 before 7.0(4.14) and 7.1 before 7.1(2.1), and the FWSM 2.x before 2.3(4.12) and 3.x before 3.1(3.24), when ""inspect http"" is enabled, allows remote attackers to cause a denial of service (device reboot) via malformed HTTP traffic.",smet
CVE-2017-3857,T1499,"A vulnerability in the Layer 2 Tunneling Protocol (L2TP) parsing function of Cisco IOS (12.0 through 12.4 and 15.0 through 15.6) and Cisco IOS XE (3.1 through 3.18) could allow an unauthenticated, remote attacker to cause an affected device to reload. The vulnerability is due to insufficient validation of L2TP packets. An attacker could exploit this vulnerability by sending a crafted L2TP packet to an affected device. A successful exploit could allow the attacker to cause the affected device to reload, resulting in a denial of service (DoS) condition. This vulnerability affects Cisco devices that are running a vulnerable release of Cisco IOS or Cisco IOS XE Software if the L2TP feature is enabled for the device and the device is configured as an L2TP Version 2 (L2TPv2) or L2TP Version 3 (L2TPv3) endpoint. By default, the L2TP feature is not enabled. Cisco Bug IDs: CSCuy82078.",smet
CVE-2008-0408,T1132,HTTP File Server (HFS) before 2.2c allows remote attackers to append arbitrary text to the log file by using the base64 representation of this text during HTTP Basic Authentication.,smet
CVE-2021-27783,T1552,User generated PPKG file for Bulk Enroll may have unencrypted sensitive information exposed.,smet
CVE-2020-27228,T1222,An incorrect default permissions vulnerability exists in the installation functionality of OpenClinic GA 5.173.3. Overwriting the binary can result in privilege escalation. An attacker can replace a file to exploit this vulnerability.,smet
CVE-2022-41498,T1190,Billing System Project v1.0 was discovered to contain a SQL injection vulnerability via the id parameter at /phpinventory/editbrand.php.,smet
CVE-2018-20818,T1203,"A buffer overflow vulnerability was discovered in the OpenPLC controller, in the OpenPLC_v2 and OpenPLC_v3 versions. It occurs in the modbus.cpp mapUnusedIO() function, which can cause a runtime crash of the PLC or possibly have unspecified other impact.",smet
CVE-2024-24246,T1055,Heap Buffer Overflow vulnerability in qpdf 11.9.0 allows attackers to crash the application via the std::__shared_count() function at /bits/shared_ptr_base.h.,smet
CVE-2025-23826,T1562,Improper Neutralization of Input During Web Page Generation ('Cross-site Scripting') vulnerability in Predrag Supurovic Stop Comment Spam allows Stored XSS.This issue affects Stop Comment Spam: from n/a through 0.5.3.,smet
CVE-2013-6933,T1499,"The parseRTSPRequestString function in Live Networks Live555 Streaming Media 2011.08.13 through 2013.11.25, as used in VideoLAN VLC Media Player, allows remote attackers to cause a denial of service (crash) and possibly execute arbitrary code via a (1) space or (2) tab character at the beginning of an RTSP message, which triggers an integer underflow, infinite loop, and buffer overflow.",smet
CVE-2013-3925,T1083,"Atlassian Crowd 2.5.x before 2.5.4, 2.6.x before 2.6.3, 2.3.8, and 2.4.9 allows remote attackers to read arbitrary files and send HTTP requests to intranet servers via a request to (1) /services/2 or (2) services/latest with a DTD containing an XML external entity declaration in conjunction with an entity reference.",smet
CVE-2022-45869,T1497,A race condition in the x86 KVM subsystem in the Linux kernel through 6.1-rc6 allows guest OS users to cause a denial of service (host OS crash or host OS memory corruption) when nested virtualisation and the TDP MMU are enabled.,smet
CVE-2021-25985,T1606,"In Factor (App Framework & Headless CMS) v1.0.4 to v1.8.30, improperly invalidate a user’s session even after the user logs out of the application. In addition, user sessions are stored in the browser’s local storage, which by default does not have an expiration time. This makes it possible for an attacker to steal and reuse the cookies using techniques such as XSS attacks, followed by a local account takeover.",smet
CVE-2009-1372,T1499,Stack-based buffer overflow in the cli_url_canon function in libclamav/phishcheck.c in ClamAV before 0.95.1 allows remote attackers to cause a denial of service (application crash) and possibly execute arbitrary code via a crafted URL.,smet
CVE-2007-6167,T1574,Untrusted search path vulnerability in yast2-core in SUSE Linux might allow local users to execute arbitrary code by creating a malicious yast2 module in the current working directory.,smet
CVE-2022-21884,T1068,Local Security Authority Subsystem Service Elevation of Privilege Vulnerability,smet
CVE-2013-7326,T1505,"Cross-site scripting (XSS) vulnerability in vTiger CRM 5.4.0 allows remote attackers to inject arbitrary web script or HTML via the (1) return_url parameter to modules\com_vtiger_workflow\savetemplate.php, or unspecified vectors to (2) deletetask.php, (3) edittask.php, (4) savetask.php, or (5) saveworkflow.php.",smet
CVE-2021-28545,T1221,"Acrobat Reader DC versions versions 2020.013.20074 (and earlier), 2020.001.30018 (and earlier) and 2017.011.30188 (and earlier) are missing support for an integrity check. An unauthenticated attacker would have the ability to completely manipulate data in a certified PDF without invalidating the original certification. Exploitation of this issue requires user interaction in that a victim must open the tampered file.",smet
CVE-2022-26440,T1068,"In wifi driver, there is a possible out of bounds write due to a missing bounds check. This could lead to local escalation of privilege with System execution privileges needed. User interaction is not needed for exploitation. Patch ID: GN20220420037; Issue ID: GN20220420037.",smet
CVE-2025-2671,T1203,A vulnerability was found in Yue Lao Blind Box ???? up to 4.0. It has been declared as critical. This vulnerability affects the function base64image of the file /app/controller/Upload.php. The manipulation of the argument data leads to unrestricted upload. The attack can be initiated remotely. The exploit has been disclosed to the public and may be used.,smet
CVE-2021-46974,T1203,"In the Linux kernel, the following vulnerability has been resolved: bpf: Fix masking negation logic upon negative dst register The negation logic for the case where the off_reg is sitting in the dst register is not correct given then we cannot just invert the add to a sub or vice versa. As a fix, perform the final bitwise and-op unconditionally into AX from the off_reg, then move the pointer from the src to dst and finally use AX as the source for the original pointer arithmetic operation such that the inversion yields a correct result. The single non-AX mov in between is possible given constant blinding is retaining it as it's not an immediate based operation.",smet
CVE-2020-6094,T1203,"An exploitable code execution vulnerability exists in the TIFF fillinraster function of the igcore19d.dll library of Accusoft ImageGear 19.4, 19.5 and 19.6. A specially crafted TIFF file can cause an out-of-bounds write, resulting in remote code execution. An attacker can provide a malicious file to trigger this vulnerability.",smet
CVE-2024-22476,T1068,Improper input validation in some Intel(R) Neural Compressor software before version 2.5.0 may allow an unauthenticated user to potentially enable escalation of privilege via remote access.,smet
CVE-2023-5881,T1111,"Unauthenticated access permitted to web interface page The Genie Company Aladdin Connect (Retrofit-Kit Model ALDCM) ""Garage Door Control Module Setup"" and modify the Garage door's SSID settings.",smet
CVE-2006-0004,T1114,Microsoft PowerPoint 2000 in Office 2000 SP3 has an interaction with Internet Explorer that allows remote attackers to obtain sensitive information via a PowerPoint presentation that attempts to access objects in the Temporary Internet Files Folder (TIFF).,smet
CVE-2022-48602,T1056,A SQL injection vulnerability exists in the “message viewer print” feature of the ScienceLogic SL1 that takes unsanitized user-controlled input and passes it directly to a SQL query. This allows for the injection of arbitrary SQL before being executed against the database.,smet
CVE-2025-27824,T1203,An XSS issue was discovered in the Link iframe formatter module before 1.x-1.1.1 for Backdrop CMS. It doesn't sufficiently sanitize input before displaying results to the screen. This vulnerability is mitigated by the fact that an attacker must have the ability to create content containing an iFrame field.,smet
CVE-2021-2335,T1563,"Vulnerability in the Oracle Database - Enterprise Edition Data Redaction component of Oracle Database Server. Supported versions that are affected are 12.1.0.2, 12.2.0.1 and 19c. Easily exploitable vulnerability allows low privileged attacker having Create Session privilege with network access via Oracle Net to compromise Oracle Database - Enterprise Edition Data Redaction. Successful attacks require human interaction from a person other than the attacker. Successful attacks of this vulnerability can result in unauthorized update, insert or delete access to some of Oracle Database - Enterprise Edition Data Redaction accessible data. CVSS 3.1 Base Score 3.5 (Integrity impacts). CVSS Vector: (CVSS:3.1/AV:N/AC:L/PR:L/UI:R/S:U/C:N/I:L/A:N).",smet
CVE-2010-4446,T1008,Unspecified vulnerability in Oracle Solaris 11 Express allows local users to affect availability via unknown vectors related to RDS and Kernel/InfiniBand.,smet
CVE-2010-4853,T1059,SQL injection vulnerability in the ccInvoices (com_ccinvoices) component for Joomla! allows remote attackers to execute arbitrary SQL commands via the id parameter in a viewInv action to index.php.,smet
CVE-2021-32627,T1112,"Redis is an open source, in-memory database that persists on disk. In affected versions an integer overflow bug in Redis can be exploited to corrupt the heap and potentially result with remote code execution. The vulnerability involves changing the default proto-max-bulk-len and client-query-buffer-limit configuration parameters to very large values and constructing specially crafted very large stream elements. The problem is fixed in Redis 6.2.6, 6.0.16 and 5.0.14. For users unable to upgrade an additional workaround to mitigate the problem without patching the redis-server executable is to prevent users from modifying the proto-max-bulk-len configuration parameter. This can be done using ACL to restrict unprivileged users from using the CONFIG SET command.",smet
CVE-2021-4342,T1203,Rejected reason: CVE split into individual CVE IDs for each software record.,smet
CVE-2022-27178,T1203,A denial of service vulnerability exists in the confctl_set_wan_cfg functionality of TCL LinkHub Mesh Wi-Fi MS1G_00_01.00_14. A specially-crafted network packet can lead to denial of service. An attacker can send packets to trigger this vulnerability.,smet
CVE-2019-5524,T1210,VMware Workstation (14.x before 14.1.6) and Fusion (10.x before 10.1.6) contain an out-of-bounds write vulnerability in the e1000 virtual network adapter. This issue may allow a guest to execute code on the host.,smet
CVE-2020-35910,T1055,An issue was discovered in the lock_api crate before 0.4.2 for Rust. A data race can occur because of MappedMutexGuard unsoundness.,smet
CVE-2023-28000,T1059,"An improper neutralization of special elements used in an OS command vulnerability [CWE-78] in FortiADC CLI 7.1.0, 7.0.0 through 7.0.3, 6.2.0 through 6.2.4, 6.1 all versions, 6.0 all versions may allow a local and authenticated attacker to execute unauthorized commands via specifically crafted arguments in diagnose system df CLI command.",smet
CVE-2021-29517,T1056,"TensorFlow is an end-to-end open source platform for machine learning. A malicious user could trigger a division by 0 in `Conv3D` implementation. The implementation(https://github.com/tensorflow/tensorflow/blob/42033603003965bffac51ae171b51801565e002d/tensorflow/core/kernels/conv_ops_3d.cc#L143-L145) does a modulo operation based on user controlled input. Thus, when `filter` has a 0 as the fifth element, this results in a division by 0. Additionally, if the shape of the two tensors is not valid, an Eigen assertion can be triggered, resulting in a program crash. The fix will be included in TensorFlow 2.5.0. We will also cherrypick this commit on TensorFlow 2.4.2, TensorFlow 2.3.3, TensorFlow 2.2.3 and TensorFlow 2.1.4, as these are also affected and still in supported range.",smet
CVE-2024-38164,T1204,An improper access control vulnerability in GroupMe allows an a unauthenticated attacker to elevate privileges over a network by convincing a user to click on a malicious link.,smet
CVE-2016-10178,T1205,"An issue was discovered on the D-Link DWR-932B router. HELODBG on port 39889 (UDP) launches the ""/sbin/telnetd -l /bin/sh"" command.",smet
CVE-2015-6210,T1553,Rejected reason: DO NOT USE THIS CANDIDATE NUMBER. ConsultIDs: none. Reason: The CNA or individual who requested this candidate did not associate it with any vulnerability during 2015. Notes: none,smet
CVE-2021-41185,T1105,"Mycodo is an environmental monitoring and regulation system. An exploit in versions prior to 8.12.7 allows anyone with access to endpoints to download files outside the intended directory. A patch has been applied and a release made. Users should upgrade to version 8.12.7. As a workaround, users may manually apply the changes from the fix commit.",smet
CVE-2017-13784,T1608,"An issue was discovered in certain Apple products. iOS before 11.1 is affected. Safari before 11.0.1 is affected. iCloud before 7.1 on Windows is affected. iTunes before 12.7.1 on Windows is affected. tvOS before 11.1 is affected. The issue involves the ""WebKit"" component. It allows remote attackers to execute arbitrary code or cause a denial of service (memory corruption and application crash) via a crafted web site.",smet
CVE-2019-15443,T1036,"The Samsung J7 Max Android device with a build fingerprint of samsung/j7maxlteins/j7maxlte:8.1.0/M1AJQ/G615FXXU2BSB1:user/release-keys contains a pre-installed app with a package name of com.samsung.android.themecenter app (versionCode=7000100, versionName=7.0.1.0) that allows other pre-installed apps to perform app installation via an accessible app component. This capability can be accessed by any pre-installed app on the device which can obtain signatureOrSystem permissions that are required by other other pre-installed apps that exported their capabilities to other pre-installed app.",smet
CVE-2005-4069,T1083,"SunnComm MediaMax DRM 5.0.21.0, as used by Sony BMG, assigns insecure Everyone/Full Control permissions to the ""SunnComm Shared"" directory, which allows local users to gain privileges by modifying programs installed in that directory, such as MMX.exe.",smet
CVE-2023-48538,T1185,Adobe Experience Manager versions 6.5.18 and earlier are affected by a stored Cross-Site Scripting (XSS) vulnerability that could be abused by a low-privileged attacker to inject malicious scripts into vulnerable form fields. Malicious JavaScript may be executed in a victim’s browser when they browse to the page containing the vulnerable field.,smet
CVE-2014-4603,T1505,"Multiple cross-site scripting (XSS) vulnerabilities in yupdates_application.php in the Yahoo! Updates for WordPress plugin 1.0 and earlier for WordPress allow remote attackers to inject arbitrary web script or HTML via the (1) secret, (2) key, or (3) appid parameter.",smet
CVE-2024-50167,T1203,"In the Linux kernel, the following vulnerability has been resolved: be2net: fix potential memory leak in be_xmit() The be_xmit() returns NETDEV_TX_OK without freeing skb in case of be_xmit_enqueue() fails, add dev_kfree_skb_any() to fix it.",smet
CVE-2023-3578,T1190,A vulnerability classified as critical was found in DedeCMS 5.7.109. Affected by this vulnerability is an unknown functionality of the file co_do.php. The manipulation of the argument rssurl leads to server-side request forgery. The exploit has been disclosed to the public and may be used. The associated identifier of this vulnerability is VDB-233371.,smet
CVE-2015-3798,T1203,"The TRE library in Libc in Apple iOS before 8.4.1 and OS X before 10.10.5 allows context-dependent attackers to execute arbitrary code or cause a denial of service (memory corruption and application crash) via a crafted regular expression, a different vulnerability than CVE-2015-3796 and CVE-2015-3797.",smet
CVE-2024-11613,T1083,"The WordPress File Upload plugin for WordPress is vulnerable to Remote Code Execution, Arbitrary File Read, and Arbitrary File Deletion in all versions up to, and including, 4.24.15 via the 'wfu_file_downloader.php' file. This is due to lack of proper sanitization of the 'source' parameter and allowing a user-defined directory path. This makes it possible for unauthenticated attackers to execute code on the server.",smet
CVE-2021-21062,T1203,"Acrobat Reader DC versions versions 2020.013.20074 (and earlier), 2020.001.30018 (and earlier) and 2017.011.30188 (and earlier) are affected by a Memory corruption vulnerability when parsing a specially crafted PDF file. An unauthenticated attacker could leverage this vulnerability to achieve arbitrary code execution in the context of the current user. Exploitation of this issue requires user interaction in that a victim must open a malicious file.",smet
CVE-2017-12924,T1612,CDirVector::GetTable in dirfunc.hxx in libfpx 1.3.1_p6 allows remote attackers to cause a denial of service (divide-by-zero error) via a crafted fpx image.,smet
CVE-2022-45706,T1497,IP-COM M50 V15.11.0.33(10768) was discovered to contain a buffer overflow via the hostname parameter in the formSetNetCheckTools function.,smet
CVE-2024-51749,T1204,"Element is a Matrix web client built using the Matrix React SDK. Versions of Element Web and Desktop earlier than 1.11.85 do not check if thumbnails for attachments, stickers and images are coherent. It is possible to add thumbnails to events trigger a file download once clicked. Fixed in element-web 1.11.85.",smet
CVE-2017-8507,T1203,"A remote code execution vulnerability exists in the way Microsoft Office software parses specially crafted email messages, aka ""Microsoft Office Memory Corruption Vulnerability"".",smet
CVE-2023-24599,T1098,"OX App Suite before backend 7.10.6-rev37 allows authenticated users to change the appointments of arbitrary users via conflicting ID numbers, aka ""ID confusion.""",smet
CVE-2012-5552,T1555,"The Password policy module 6.x-1.x before 6.x-1.5 and 7.x-1.x before 7.x-1.3 for Drupal allows remote attackers to obtain password hashes by sniffing the network, related to ""client-side password history checks.""",smet
CVE-2022-40298,T1059,"Crestron AirMedia for Windows before 5.5.1.84 has insecure inherited permissions, which leads to a privilege escalation vulnerability found in the AirMedia Windows Application, version 4.3.1.39. A low privileged user can initiate a repair of the system and gain a SYSTEM level shell.",smet
CVE-2009-0687,T1499,"The pf_test_rule function in OpenBSD Packet Filter (PF), as used in OpenBSD 4.2 through 4.5, NetBSD 5.0 before RC3, MirOS 10 and earlier, and MidnightBSD 0.3-current allows remote attackers to cause a denial of service (panic) via crafted IP packets that trigger a NULL pointer dereference during translation, related to an IPv4 packet with an ICMPv6 payload.",smet
CVE-2006-6528,T1068,"The Chatroom Module before 4.7.x.-1.0 for Drupal broadcasts Chatroom visitors' session IDs to all participants, which allows remote attackers to hijack sessions and gain privileges.",smet
CVE-2014-3461,T1074,"hw/usb/bus.c in QEMU 1.6.2 allows remote attackers to execute arbitrary code via crafted savevm data, which triggers a heap-based buffer overflow, related to ""USB post load checks.""",smet
CVE-2025-22450,T1205,"Inclusion of undocumented features issue exists in UD-LT2 firmware Ver.1.00.008_SE and earlier. A remote attacker may disable the LAN-side firewall function of the affected products, and open specific ports.",smet
CVE-2012-2226,T1027,Invision Power Board before 3.3.1 fails to sanitize user-supplied input which could allow remote attackers to obtain sensitive information or execute arbitrary code by uploading a malicious file.,smet
CVE-2024-36877,T1542,"Micro-Star International Z-series motherboards (Z590, Z490, and Z790) and B-series motherboards (B760, B560, B660, and B460) with firmware 7D25v14, 7D25v17 to 7D25v19, and 7D25v1A to 7D25v1H was discovered to contain a write-what-where condition in the in the SW handler for SMI 0xE3. Motherboard's with the following chipsets are affected: Intel 300, Intel 400, Intel 500, Intel 600, Intel 700, AMD 300, AMD 400, AMD 500, AMD 600 and AMD 700.",smet
CVE-2017-3918,T1562,Rejected reason: DO NOT USE THIS CANDIDATE NUMBER. ConsultIDs: none. Reason: This candidate was in a CNA pool that was not assigned to any issues during 2017. Notes: none,smet
CVE-2022-29102,T1008,Windows Failover Cluster Information Disclosure Vulnerability,smet
CVE-2021-28147,T1069,"The team sync HTTP API in Grafana Enterprise 6.x before 6.7.6, 7.x before 7.3.10, and 7.4.x before 7.4.5 has an Incorrect Access Control issue. On Grafana instances using an external authentication service and having the EditorsCanAdmin feature enabled, this vulnerability allows any authenticated user to add external groups to any existing team. This can be used to grant a user team permissions that the user isn't supposed to have.",smet
CVE-2018-7884,T1574,"An issue was discovered in DisplayLink Core Software Cleaner Application 8.2.1956. When the drivers are updated to a newer version, the product launches a process as SYSTEM to uninstall the old version: cl_1956.exe is run as SYSTEM on the %systemroot%\Temp folder, where any user can write a DLL (e.g., version.dll) to perform DLL Hijacking and elevate privileges to SYSTEM.",smet
CVE-2017-15254,T1499,"IrfanView version 4.44 (32bit) with PDF plugin version 4.43 allows attackers to cause a denial of service or possibly have unspecified other impact via a crafted .pdf file, related to a ""Read Access Violation starting at PDF!xmlGetGlobalState+0x000000000007dfa5.""",smet
CVE-2018-4872,T1203,"An issue was discovered in Adobe Acrobat Reader 2018.009.20050 and earlier versions, 2017.011.30070 and earlier versions, 2015.006.30394 and earlier versions. This vulnerability is a security bypass vulnerability that leads to a sandbox escape. Specifically, the vulnerability exists in the way a cross call is handled.",smet
CVE-2019-0707,T1068,"An elevation of privilege vulnerability exists in the Network Driver Interface Specification (NDIS) when ndis.sys fails to check the length of a buffer prior to copying memory to it.To exploit the vulnerability, in a local attack scenario, an attacker could run a specially crafted application to elevate the attacker's privilege level, aka 'Windows NDIS Elevation of Privilege Vulnerability'.",smet
CVE-2017-15326,T1573,"DBS3900 TDD LTE V100R003C00, V100R004C10 have a weak encryption algorithm security vulnerability. DBS3900 TDD LTE supports SSL/TLS protocol negotiation using insecure encryption algorithms. If an insecure encryption algorithm is negotiated in the communication, an unauthenticated remote attacker can exploit this vulnerability to crack the encrypted data and cause information leakage.",smet